{
  "variants": {
    "facing=north": {
      "model": "suppsquared:block/item_shelves/createdieselgenerators/chip_wood"
    },
    "facing=east": {
      "model": "suppsquared:block/item_shelves/createdieselgenerators/chip_wood",
      "y": 90
    },
    "facing=south": {
      "model": "suppsquared:block/item_shelves/createdieselgenerators/chip_wood",
      "y": 180
    },
    "facing=west": {
      "model": "suppsquared:block/item_shelves/createdieselgenerators/chip_wood",
      "y": 270
    }
  }
}